unit	arrangements	derivations	witness	seconds
1	2021250	126271	OK	297.9
0	2021250	126116	OK	299.1
2	2021250	126505	OK	299.1
3	2021250	125943	OK	299.3
4	2021250	125972	OK	297.1
5	2021250	125942	OK	297.4
7	2021250	126119	OK	299.3
6	2021250	126513	OK	299.9
11	2021250	125863	OK	270.9
10	2021250	126420	OK	274.8
9	2021250	126434	OK	274.9
8	2021250	126638	OK	278.4
12	2021250	126872	OK	273.1
14	2021250	126138	OK	281.0
13	2021250	126215	OK	281.3
15	2021250	126206	OK	281.9
16	2021250	127226	OK	277.7
18	2021250	126150	OK	272.5
19	2021250	126232	OK	273.3
17	2021250	126254	OK	280.0
20	2021250	126341	OK	276.0
21	2021250	126342	OK	276.8
22	2021250	126093	OK	273.0
23	2021250	126970	OK	284.9
24	2021250	126587	OK	283.5
25	2021250	125934	OK	282.9
26	2021250	126243	OK	285.5
27	2021250	126699	OK	281.5
28	2021250	126234	OK	276.4
29	2021250	126078	OK	278.1
30	2021250	126590	OK	277.2
31	2021250	126781	OK	278.9
34	2021250	125647	OK	396.3
37	2021250	126226	OK	398.1
33	2021250	125859	OK	399.7
35	2021250	126817	OK	404.7
38	2021250	126409	OK	398.3
39	2021250	126133	OK	397.4
41	2021250	125813	OK	396.0
42	2021250	126482	OK	401.1
43	2021250	126342	OK	396.6
46	2021250	126136	OK	400.8
45	2021250	127130	OK	402.8
47	2021250	126594	OK	405.5
49	2021250	125436	OK	396.2
50	2021250	125506	OK	398.1
51	2021250	126404	OK	400.4
53	2021250	125991	OK	401.5
54	2021250	126843	OK	398.8
57	2021250	126398	OK	399.1
55	2021250	126613	OK	403.4
58	2021250	127055	OK	401.5
59	2021250	126272	OK	397.3
61	2021250	126242	OK	399.9
62	2021250	126051	OK	399.9
63	2021250	126244	OK	400.5
65	2021250	127009	OK	400.2
66	2021250	126233	OK	397.5
67	2021250	126343	OK	397.5
69	2021250	126282	OK	397.0
70	2021250	126359	OK	398.6
71	2021250	125724	OK	396.0
73	2021250	126312	OK	399.1
74	2021250	126432	OK	399.3
75	2021250	126403	OK	395.8
77	2021250	126229	OK	395.1
78	2021250	126352	OK	401.1
79	2021250	126107	OK	398.6
81	2021250	126501	OK	396.0
82	2021250	126387	OK	397.2
83	2021250	126514	OK	398.0
85	2021250	126307	OK	401.4
86	2021250	126621	OK	397.1
87	2021250	126541	OK	397.9
89	2021250	126130	OK	397.5
90	2021250	125776	OK	397.7
91	2021250	126424	OK	396.1
93	2021250	126370	OK	397.6
94	2021250	125704	OK	395.4
95	2021250	125741	OK	398.1
97	2021250	126256	OK	395.1
98	2021250	126116	OK	399.7
99	2021250	126264	OK	398.3
101	2021250	125741	OK	397.6
102	2021250	126102	OK	396.4
103	2021250	126777	OK	400.4
105	2021250	126543	OK	399.4
106	2021250	126528	OK	397.6
107	2021250	126498	OK	399.4
109	2021250	126590	OK	399.9
110	2021250	126538	OK	398.3
111	2021250	126557	OK	397.0
113	2021250	126102	OK	397.0
114	2021250	126304	OK	399.0
115	2021250	126073	OK	401.0
117	2021250	126699	OK	398.7
118	2021250	126322	OK	400.6
119	2021250	126010	OK	400.1
121	2021250	126107	OK	399.9
122	2021250	126189	OK	399.2
123	2021250	126718	OK	397.2
125	2021250	126586	OK	399.6
126	2021250	126014	OK	397.4
127	2021250	126026	OK	397.7
128	2021250	126327	OK	394.9
129	2021250	126556	OK	398.4
130	2021250	126605	OK	399.1
131	2021250	126992	OK	398.6
132	2021250	126183	OK	398.1
133	2021250	126408	OK	398.9
134	2021250	126573	OK	399.5
135	2021250	126633	OK	396.1
136	2021250	126134	OK	399.3
137	2021250	126091	OK	396.5
138	2021250	126269	OK	400.9
139	2021250	126086	OK	399.1
140	2021250	126482	OK	401.2
141	2021250	126451	OK	398.1
142	2021250	126257	OK	401.7
143	2021250	126392	OK	397.7
144	2021250	125839	OK	395.5
145	2021250	125905	OK	395.1
146	2021250	127024	OK	401.4
147	2021250	126328	OK	401.9
148	2021250	125842	OK	395.4
149	2021250	126128	OK	396.9
150	2021250	125774	OK	399.4
151	2021250	127273	OK	399.7
152	2021250	126517	OK	402.9
153	2021250	126339	OK	396.2
154	2021250	126901	OK	398.3
155	2021250	126783	OK	400.7
156	2021250	126112	OK	399.5
157	2021250	126359	OK	396.2
158	2021250	126680	OK	397.4
159	2021250	125720	OK	398.5
160	2021250	125771	OK	395.9
161	2021250	126542	OK	399.7
162	2021250	126404	OK	402.9
163	2021250	126868	OK	403.9
164	2021250	127128	OK	400.7
165	2021250	127067	OK	401.4
166	2021250	126843	OK	402.2
167	2021250	126535	OK	403.8
168	2021250	125946	OK	401.3
169	2021250	126885	OK	400.0
170	2021250	125608	OK	397.9
171	2021250	126559	OK	400.3
172	2021250	126971	OK	400.1
173	2021250	125866	OK	397.1
174	2021250	126698	OK	402.6
175	2021250	126623	OK	400.8
176	2021250	126221	OK	398.1
177	2021250	126217	OK	397.6
178	2021250	126487	OK	402.9
179	2021250	126392	OK	398.7
180	2021250	126006	OK	396.2
181	2021250	126236	OK	397.4
182	2021250	125891	OK	398.0
183	2021250	126423	OK	398.9
184	2021250	125647	OK	397.1
185	2021250	127113	OK	400.6
186	2021250	126741	OK	398.0
187	2021250	126786	OK	398.3
188	2021250	126181	OK	395.4
189	2021250	126500	OK	394.5
190	2021250	126398	OK	398.9
191	2021250	126180	OK	393.4
192	2021250	126046	OK	394.4
193	2021250	126640	OK	395.0
194	2021250	127348	OK	398.2
195	2021250	126048	OK	395.4
196	2021250	125939	OK	393.8
197	2021250	126019	OK	391.1
199	2021250	126226	OK	392.8
198	2021250	126842	OK	395.8
200	2021250	126357	OK	392.6
201	2021250	127086	OK	393.7
202	2021250	126580	OK	393.4
203	2021250	125945	OK	396.3
204	2021250	126721	OK	395.3
205	2021250	125862	OK	391.6
206	2021250	126281	OK	395.5
207	2021250	126420	OK	393.0
208	2021250	126537	OK	393.8
209	2021250	126154	OK	393.2
210	2021250	126672	OK	395.9
211	2021250	126574	OK	393.8
212	2021250	125850	OK	389.2
213	2021250	125991	OK	393.5
214	2021250	126340	OK	391.6
215	2021250	126434	OK	392.1
216	2021250	126089	OK	394.8
217	2021250	125728	OK	388.9
218	2021250	126188	OK	390.2
219	2021250	126891	OK	391.4
220	2021250	126461	OK	391.7
221	2021250	126538	OK	392.8
223	2021250	126338	OK	391.6
222	2021250	126323	OK	396.8
224	2021250	126681	OK	394.5
225	2021250	126590	OK	394.1
226	2021250	126362	OK	393.2
227	2021250	125650	OK	395.3
228	2021250	126503	OK	393.6
229	2021250	126230	OK	393.5
230	2021250	125898	OK	395.8
231	2021250	126237	OK	395.1
232	2021250	125830	OK	390.7
233	2021250	126791	OK	396.3
234	2021250	125883	OK	393.6
235	2021250	126251	OK	393.3
236	2021250	126099	OK	391.4
237	2021250	126967	OK	398.5
238	2021250	125589	OK	391.2
239	2021250	125887	OK	389.5
240	2021250	126496	OK	394.5
241	2021250	126445	OK	395.4
243	2021250	126358	OK	392.2
242	2021250	125858	OK	395.5
244	2021250	126541	OK	393.1
245	2021250	125971	OK	394.1
246	2021250	126347	OK	394.7
247	2021250	125879	OK	396.3
248	2021250	126320	OK	392.4
249	2021250	125786	OK	392.4
250	2021250	126093	OK	395.9
251	2021250	126533	OK	400.1
252	2021250	126099	OK	393.5
253	2021250	126028	OK	395.5
254	2021250	125318	OK	394.4
255	2021250	126579	OK	393.9
256	2021250	126310	OK	395.7
257	2021250	126675	OK	395.1
258	2021250	126239	OK	394.4
259	2021250	126435	OK	393.3
260	2021250	126671	OK	396.2
261	2021250	126392	OK	392.9
262	2021250	126540	OK	396.8
263	2021250	126439	OK	397.4
264	2021250	126079	OK	395.1
265	2021250	126437	OK	394.7
266	2021250	125956	OK	395.9
267	2021250	126443	OK	398.7
268	2021250	126022	OK	396.2
269	2021250	126933	OK	395.9
270	2021250	126002	OK	395.7
271	2021250	126100	OK	395.5
272	2021250	126435	OK	396.9
273	2021250	125807	OK	393.6
274	2021250	125666	OK	395.5
275	2021250	126312	OK	397.1
276	2021250	126486	OK	395.3
277	2021250	126369	OK	395.9
278	2021250	125626	OK	391.6
279	2021250	126041	OK	395.9
280	2021250	126408	OK	394.4
281	2021250	126137	OK	393.0
282	2021250	125632	OK	392.3
283	2021250	126125	OK	395.1
284	2021250	126094	OK	393.0
285	2021250	126415	OK	396.7
286	2021250	127125	OK	396.9
287	2021250	126790	OK	398.5
288	2021250	126502	OK	396.2
289	2021250	126343	OK	396.1
290	2021250	126703	OK	394.3
291	2021250	126230	OK	397.9
292	2021250	126372	OK	395.3
293	2021250	126744	OK	397.9
294	2021250	126350	OK	393.7
295	2021250	126970	OK	398.2
296	2021250	126109	OK	393.0
297	2021250	126360	OK	395.3
298	2021250	126563	OK	396.7
299	2021250	125944	OK	392.4
300	2021250	125904	OK	391.6
301	2021250	126346	OK	392.8
302	2021250	126492	OK	399.1
303	2021250	126008	OK	393.9
304	2021250	126199	OK	396.7
305	2021250	126684	OK	394.0
306	2021250	126143	OK	394.3
307	2021250	126073	OK	396.5
308	2021250	126269	OK	395.9
309	2021250	126471	OK	395.3
310	2021250	126394	OK	394.4
311	2021250	126003	OK	394.4
312	2021250	126744	OK	399.1
313	2021250	126411	OK	395.7
314	2021250	126312	OK	392.9
315	2021250	126542	OK	398.1
316	2021250	126327	OK	397.2
317	2021250	126098	OK	394.7
318	2021250	126164	OK	393.0
319	2021250	126153	OK	395.1
320	2021250	126516	OK	397.8
321	2021250	126008	OK	396.9
322	2021250	126619	OK	397.1
323	2021250	126676	OK	396.4
324	2021250	126667	OK	400.2
325	2021250	126955	OK	401.0
326	2021250	126257	OK	397.1
327	2021250	126972	OK	398.0
328	2021250	126770	OK	396.0
329	2021250	126986	OK	399.8
330	2021250	126065	OK	398.3
331	2021250	126621	OK	396.6
332	2021250	126318	OK	392.6
333	2021250	125743	OK	396.4
334	2021250	125944	OK	395.3
335	2021250	126603	OK	395.6
336	2021250	126656	OK	391.8
337	2021250	126855	OK	398.7
338	2021250	126489	OK	397.1
339	2021250	126367	OK	393.2
340	2021250	126197	OK	394.9
341	2021250	125667	OK	393.9
342	2021250	126086	OK	392.5
343	2021250	126027	OK	393.2
344	2021250	125914	OK	394.7
345	2021250	126571	OK	396.5
346	2021250	126381	OK	394.1
347	2021250	126712	OK	394.2
348	2021250	126422	OK	398.9
349	2021250	126173	OK	393.8
350	2021250	126092	OK	391.6
351	2021250	126443	OK	394.5
352	2021250	126671	OK	398.4
353	2021250	126607	OK	398.5
354	2021250	126733	OK	398.3
355	2021250	126108	OK	393.9
356	2021250	126980	OK	400.6
357	2021250	126112	OK	393.1
358	2021250	126133	OK	398.2
359	2021250	126737	OK	397.8
360	2021250	126124	OK	395.5
361	2021250	126106	OK	394.7
362	2021250	126475	OK	401.2
363	2021250	126091	OK	395.9
364	2021250	126574	OK	394.5
365	2021250	126476	OK	396.0
366	2021250	126758	OK	396.7
367	2021250	126213	OK	396.0
368	2021250	126680	OK	395.9
369	2021250	126492	OK	396.3
370	2021250	126554	OK	394.1
371	2021250	126445	OK	396.5
372	2021250	126115	OK	392.9
373	2021250	126738	OK	399.6
374	2021250	126324	OK	395.7
375	2021250	126439	OK	396.1
376	2021250	126808	OK	395.8
377	2021250	126535	OK	394.7
378	2021250	125811	OK	395.2
379	2021250	125689	OK	395.4
380	2021250	126149	OK	392.7
381	2021250	126242	OK	392.3
382	2021250	126267	OK	395.1
383	2021250	126009	OK	393.2
384	2021250	125911	OK	394.3
385	2021250	125824	OK	393.8
386	2021250	126344	OK	393.9
387	2021250	126602	OK	393.7
388	2021250	126815	OK	399.1
389	2021250	126388	OK	397.7
390	2021250	126494	OK	393.7
391	2021250	126092	OK	392.7
392	2021250	126910	OK	398.4
393	2021250	126012	OK	394.2
394	2021250	126945	OK	398.2
395	2021250	126385	OK	396.5
396	2021250	125827	OK	391.5
397	2021250	126778	OK	396.9
398	2021250	126269	OK	396.0
399	2021250	126611	OK	398.2
400	2021250	126491	OK	394.1
401	2021250	125364	OK	391.0
402	2021250	126367	OK	394.8
403	2021250	125838	OK	395.1
